Company_Name,Code_Name,Subsector,MR_Quarter,Fin_Yr_End,Iss_Share,Mar_Cap,St_Ind,Sales,Assets,Liability,Equity,Cash_Flow,Op_Profit,Net_Profit,DPS,EPS,RPS,BVPS,CFPS,CEPS,NAVS,Div_Yield,PER,PSR,PBVR,PCFR,DPR,GPM,OPM,NPM,EBITM,ROE,ROA,DER,CR,QR,CRR
"Asuransi Bina Dana Arta Tbk.",ABDA,Insurance,31/03/2020," December",0.62081,3970,1461.1,262.2,2570,1320,1250,1.25,20.85,30.11,190,194,1689,2013,-228,1182,2013,0.0297,32.99,3.79,3.18,-28.06,0.9794,0,0.0795,0.1148,0.1167,0.0963,0.0468,1.056,0.6182,0,1.873
"Adira Dinamika Multi Finance T",ADMF,"Financial Institution",31/03/2020," December",1,7300,314,2420,34800,27320,7470,7.47,1630,520.11,1054.5,2080,9683,7473,4569,2199,7473,0.1445,3.51,0.75,0.98,1.6,0.507,0,0.6745,0.2148,0.0953,0.2783,0.0597,3.6565,0.1314,0,1.9455
"Bank Rakyat Indonesia Agroniag",AGRO,Bank,31/03/2020," December",21.34,3200,245.1,539.03,26600,22500,4100,4.1,12.15,16.7,1.9136,3,101,192,128,76,192,0.0128,50,1.48,0.78,1.17,0.6379,0,0.0225,0.0309,0,0.0163,0.0025,5.4917,0.0717,1.1672,1.1672
"Bank IBK Indonesia Tbk.",AGRS,Bank,31/03/2020," December",11.27,1130,90.9,218.71,6650,5490,1160,1.16,-175.1,-168.61,0,-60,123,103,174,68,163,0,-1.67,0.81,0.97,0.58,0,0,-0.8006,-0.7709,0,-0.5813,-0.1014,4.7332,0.0882,1.1382,1.1382
"Asuransi Harta Aman Pratama Tb",AHAP,Insurance,31/03/2020," December",2.94,147,100.8,24.7,757.84,540.86,216.98,0.21698,-29.12,1.89,0,3,34,74,11,9,74,0,16.67,1.49,0.68,4.6,0,0,-1.1789,0.0764,0.0765,0.0348,0.0099,2.4927,0.0504,0,1.4485
"Asuransi Multi Artha Guna Tbk.",AMAG,Insurance,31/03/2020," December",5,1400,266.7,192.5,5090,3220,1870,1.87,-51.4,21.87,0,17,154,375,69,25,375,0,16.47,1.82,0.75,4.07,0,0,-0.267,0.1136,0.1156,0.0466,0.0171,1.7171,0.0405,0,1.2988
"Bank Amar Indonesia Tbk.",AMAR,Bank,31/03/2020," December",8.04,3150,225.3,298.76,3850,2730,1120,1.12,20.35,19.52,0,10,149,139,-46,19,139,0,39.2,2.64,2.82,-8.46,0,0,0.0681,0.0653,0,0.0697,0.0202,2.4418,0.0568,1.3245,1.3245
"Ashmore Asset Management Indon",AMOR,"Securities Company",31/03/2020," June",1.11,2220,105.3,224.7,337.34,61.54,275.8,0.2758,102.04,69.47,0,83,270,248,44,166,248,0,24.1,7.42,8.06,45.01,0,0,0.4541,0.3091,0.3574,0.3358,0.2745,0.2231,3.1912,0,5.7319
"Pacific Strategic Financial Tb",APIC,"Others - Finance",31/03/2020," December",11.77,9710,877.5,926.25,4170,2250,1850,1.85,910.78,83.91,0,29,315,157,148,28,163,0,28.45,2.62,5.25,5.58,0,0,0.9832,0.0905,0.0548,0.1813,0.0804,1.2175,0.2213,0,2.549
"Bank Jago Tbk.",ARTO,Bank,31/03/2020," December",10.86,32130,2242.4,20.77,1210,558.37,654.36,0.65436,-25.37,-25.38,0,-9,69,60,-343,68,542,0,-328.89,42.97,49.33,-8.62,0,0,-1.2214,-1.2215,0,-0.1551,-0.0836,0.8533,0.1463,1.8505,1.8505
"Asuransi Bintang Tbk.",ASBI,Insurance,31/03/2020," December",0.34839,97.55,212.1,73.58,895.08,602.22,292.73,0.29273,1.34,1.64,10,19,845,840,159,67,841,0.0357,14.74,0.33,0.33,1.76,0.5263,0,0.0181,0.0222,0.0163,0.0223,0.0073,2.0573,0.0401,0,1.1946
"Asuransi Dayin Mitra Tbk.",ASDM,Insurance,31/03/2020," December",0.192,186.24,286.5,44.29,1090,759.32,335.14,0.33514,-4.19,1.04,78,22,923,1746,-648,196,1746,0.0804,44.09,1.05,0.56,-1.5,3.5455,0,-0.0944,0.0234,0.0498,0.0124,0.0038,2.2657,0.0525,0,1.3714
"Asuransi Jasa Tania Tbk.",ASJT,Insurance,31/03/2020," December",0.6,75,83.3,29.95,440.74,235.9,204.84,0.20484,-5.07,-3.24,20.85,-22,200,341,-173,17,341,0.1668,-5.68,0.63,0.37,-0.72,-0.9477,0,-0.1694,-0.108,-0.1085,-0.0631,-0.0293,1.1516,0.0446,0,1.5004
"Asuransi Kresna Mitra Tbk.",ASMI,Insurance,31/03/2020," December",8.96,10880,2250,-28.24,1160,714.58,441.16,0.44116,-106.72,-89.13,0,-40,-13,49,-9,1,49,0,-30.38,-96.37,24.8,-137.28,0,0,3.7796,3.1567,3.1767,-0.8081,-0.3084,1.6198,0.0195,0,1.6145
"Asuransi Ramayana Tbk.",ASRM,Insurance,31/03/2020," December",0.23406,465.79,776.5,379.07,1720,1250,474.12,0.47412,44.61,30.11,275,514,6478,2026,353,236,2026,0.0427,3.87,0.31,0.98,5.63,0.535,0,0.1176,0.0794,0.0914,0.2539,0.0698,2.6367,0.0489,0,1.2548
"Bank MNC Internasional Tbk.",BABP,Bank,31/03/2020," December",25.31,1270,57.4,306.28,11030,9520,1510,1.51,7.14,3.89,0,1,48,60,48,21,60,0,50,1.03,0.83,1.05,0,0,0.0233,0.0127,0,0.0102,0.0014,6.294,0.055,1.0397,1.0397
"Bank Capital Indonesia Tbk.",BACA,Bank,31/03/2020," December",7.07,2690,280.2,839.69,17690,16140,1550,1.55,43.03,32.02,0,18,475,220,15,352,220,0,21.11,0.8,1.73,25.74,0,0,0.0512,0.0381,0,0.0825,0.0072,10.3967,0.1543,1.0131,1.0131
"Bank Central Asia Tbk.",BBCA,Bank,31/03/2020," December",24.66,764310,17714.3,22720,972930,801220,171610,171.61,7930,6580,555,1068,3687,6961,3348,3074,6965,0.0179,29.03,8.41,4.45,9.26,0.5197,0,0.3488,0.2896,0,0.1533,0.027,4.6688,0.0948,0.9977,0.9977
"Bank Harda Internasional Tbk.",BBHI,Bank,31/03/2020," December",4.18,577.45,110.4,50.17,2320,2020,300.25,0.30025,0.82919,0.4885,0,0,48,72,-126,30,72,0,0,2.88,1.92,-1.1,0,0,0.0165,0.0097,0,0.0065,0.0008,6.7328,0.062,1.0081,1.0081
"Bank Bukopin Tbk.",BBKP,Bank,31/03/2020," December",11.65,2130,54.9,2250,100800,92210,8580,8.58,61.37,53.62,0,18,771,736,-470,454,738,0,10.17,0.24,0.25,-0.39,0,0,0.0273,0.0238,0,0.025,0.0021,10.7523,0.058,0.9927,0.9927
"Buana Finance Tbk.",BBLD,"Financial Institution",31/03/2020," December",1.65,648.44,156.8,191.89,5010,3820,1190,1.19,147.19,16.06,14,39,466,726,438,159,726,0.0355,10.1,0.84,0.54,0.9,0.359,0,0.767,0.0836,-0.4042,0.0537,0.0128,3.1966,0.1373,0,2.5507
"Bank Mestika Dharma Tbk.",BBMD,Bank,31/03/2020," December",4.09,6010,106.5,304.15,12790,9400,3390,3.39,80.07,62.9,0,62,297,828,561,196,828,0,23.71,4.94,1.78,2.62,0,0,0.2632,0.2068,0,0.0743,0.0196,2.7766,0.0852,1.2874,1.2874
"Bank Negara Indonesia (Persero",BBNI,Bank,31/03/2020," December",18.65,87090,22.5,17370,868450,758610,107480,107.48,4300,4250,206.241,912,3725,5763,6173,4238,5890,0.0442,5.12,1.25,0.81,0.76,0.2261,0,0.2476,0.2448,0,0.1582,0.0195,7.0584,0.1139,1.1843,1.1843
"Bank Rakyat Indonesia (Persero",BBRI,Bank,31/03/2020," December",123.35,383610,3554.3,38630,1358980,1179340,177260,177.26,8850,8160,168.202,265,1253,1437,-1512,766,1456,0.0541,11.74,2.48,2.16,-2.06,0.6347,0,0.2291,0.2113,0,0.1841,0.024,6.653,0.0815,1.0872,1.0872
"Bank Tabungan Negara (Persero)",BBTN,Bank,31/03/2020," December",10.59,13710,168.9,6510,308190,291700,16490,16.49,308.39,457.1,1.97604,173,2458,1557,-2727,1527,1557,0.0015,7.49,0.53,0.83,-0.47,0.0114,0,0.0473,0.0702,0,0.1108,0.0059,17.6902,0.0601,1.0104,1.0104
"Bank Yudha Bhakti Tbk.",BBYB,Bank,31/03/2020," December",6.36,1850,268.3,137.22,4850,3890,960.86,0.96086,13.46,13.2,0,8,89,151,33,41,156,0,36.25,3.26,1.92,8.92,0,0,0.098,0.0961,0,0.0549,0.0108,4.044,0.0644,1.1332,1.1332
"MNC Kapital Indonesia Tbk.",BCAP,"Others - Finance",31/03/2020," December",39.76,6320,450.9,657.91,18430,12850,4960,4.96,386.5,13.24,0,1,66,125,30,38,140,0,159,2.4,1.27,5.38,0,0,0.5874,0.0201,-0.3135,0.0106,0.0028,2.5894,0.1284,0,1.3038
"Bank JTrust Indonesia Tbk.",BCIC,Bank,31/03/2020," December",10.01,4510,100,276.38,19500,17680,1820,1.82,-18.39,8.8,0,4,110,182,526,192,182,0,112.5,4.08,2.47,0.86,0,0,-0.0665,0.0318,0,0.0193,0.0018,9.6976,0.1087,0.7936,0.7936
"Bank Danamon Indonesia Tbk.",BDMN,Bank,31/03/2020," December",9.77,27370,1581.1,6380,203210,159940,42850,42.85,981.65,1250,187.55,510,2613,4384,200,1033,4428,0.067,5.49,1.07,0.64,14,0.3677,0,0.1537,0.195,0,0.1162,0.0245,3.7328,0.0682,1.0757,1.0757
"Bank Pembangunan Daerah Banten",BEKS,Bank,31/12/2019," December",64.11,3210,217.3,610.37,8100,7550,549.53,0.54953,-180.08,0,-2,10,9,-20,9,9,0,-25,5.25,5.56,-2.49,0,0,-0.295,-0.2253,0,-0.2503,-0.0169,13.7349,0.0794,0.923,0.923,0
"BFI Finance Indonesia Tbk.",BFIN,"Financial Institution",31/03/2020," December",15.97,4470,1434.9,1170,19680,13370,6310,6.31,849.76,327.86,12,82,293,395,-58,36,395,0.0429,3.41,0.96,0.71,-4.81,0.1463,0,0.7276,0.2807,0.1441,0.2079,0.0666,2.1207,0.0561,0,1.7559
"Bank Ganesha Tbk.",BGTG,Bank,31/03/2020," December",11.18,581.1,50.5,110.32,4850,3720,1140,1.14,-3.65,10.18,0,4,39,102,24,59,102,0,13,1.32,0.51,2.14,0,0,-0.033,0.0922,0,0.0357,0.0083,3.2654,0.1763,1.2441,1.2441
"Bhakti Multi Artha Tbk.",BHAT,Bank,31/12/2018," December",5,2180,423.3,50.6,238.83,234.33,1.37,0.00137,0.96103,0.98929,0,0,10,0,-2,1,1,0,0,43.08,0,-190.48,0,0,0.0189,0.0195,0.0183,0.7208,0.0041,170.779,0.0422,0,1.4104
"Bank Ina Perdana Tbk.",BINA,Bank,31/03/2020," December",5.65,4920,491.5,109.15,5090,3940,1150,1.15,2.54,2.18,0,2,77,203,-299,61,203,0,435,11.27,4.29,-2.91,0,0,0.0232,0.0199,0,0.0075,0.0017,3.4287,0.0879,1.2608,1.2608
"Bank Pembangunan Daerah Jawa B",BJBR,Bank,31/03/2020," December",9.84,8660,146.7,3230,123030,112020,10960,10.96,520.82,416.62,94.02,169,1314,1114,-2437,694,1119,0.1068,5.21,0.67,0.79,-0.36,0.5563,0,0.1611,0.1289,0,0.152,0.0135,10.219,0.0662,1.1285,1.1285
"Bank Pembangunan Daerah Jawa T",BJTM,Bank,31/03/2020," December",15.02,8180,126.7,1590,69720,60160,9560,9.56,557.21,439.28,48.2,117,425,637,-1603,420,637,0.0884,4.66,1.28,0.86,-0.34,0.412,0,0.3496,0.2756,0,0.1837,0.0252,6.2929,0.106,1.1124,1.1124
"Bank QNB Indonesia Tbk.",BKSW,Bank,31/03/2020," December",20.44,1470,165.2,388,21320,17250,4070,4.07,-26.02,-18.78,0,-4,76,199,-460,52,199,0,-18,0.95,0.36,-0.16,0,0,-0.067,-0.0483,0,-0.0184,-0.0035,4.2369,0.0611,1.0154,1.0154
"Bank Maspion Indonesia Tbk.",BMAS,Bank,31/03/2020," December",4.44,1420,100,159.77,7500,6260,1240,1.24,20.37,15.79,8,14,144,279,-73,103,279,0.025,22.86,2.22,1.15,-4.37,0.5714,0,0.1274,0.0988,0,0.0508,0.0084,5.0395,0.0728,1.0887,1.0887
"Bank Mandiri (Persero) Tbk.",BMRI,Bank,31/03/2020," December",46.67,241500,1559.3,30680,1320040,1142600,173510,173.51,8990,7920,353.342,679,2629,3718,2915,1709,3802,0.0683,7.62,1.97,1.39,1.78,0.5204,0,0.2932,0.258,0,0.1824,0.0239,6.5853,0.0739,1.1313,1.1313
"Bank Bumi Arta Tbk.",BNBA,Bank,31/03/2020," December",2.31,669.9,181.3,170.66,7920,6430,1490,1.49,11.22,9.3,11,16,296,645,214,187,645,0.0379,18.13,0.98,0.45,1.36,0.6875,0,0.0657,0.0544,0,0.0249,0.0046,4.3126,0.0674,1.0942,1.0942
"Bank CIMB Niaga Tbk.",BNGA,Bank,31/03/2020," December",25.13,20860,6.1,5990,274520,234490,40010,40.01,914.96,1060,55.39,168,953,1592,-293,556,1593,0.0667,4.94,0.87,0.52,-2.83,0.3297,0,0.1527,0.1761,0,0.1054,0.0153,5.8602,0.0599,1.1027,1.1027
"Bank Maybank Indonesia Tbk.",BNII,Bank,31/03/2020," December",76.12,12260,1.9,4100,181470,155820,25250,25.25,671.63,538.17,4.83505,28,215,332,463,153,337,0.03,5.75,0.75,0.48,0.35,0.1727,0,0.1637,0.1312,0,0.0852,0.0118,6.1711,0.08,1.0365,1.0365
"Bank Permata Tbk.",BNLI,Bank,31/03/2020," December",28.04,36030,14,3420,167390,144150,23250,23.25,182.85,1.74,0,0,487,829,487,425,829,0,0,2.64,1.55,2.64,0,0,0.0535,0.0005,0,0.0002,0,6.2008,0.0828,0.9955,0.9955
"Batavia Prosperindo Finance Tb",BPFI,"Financial Institution",31/03/2020," December",1.78,2110,1263.7,80.04,1830,989.77,837.72,0.83772,58.23,18.39,16.83,41,180,470,258,69,470,0.0142,28.9,6.6,2.52,4.6,0.4105,0,0.7274,0.2297,-0.0358,0.0878,0.0402,1.1815,0.3324,0,4.5619
"Batavia Prosperindo Internasio",BPII,"Others - Finance",31/03/2020," December",0.56222,5620,2000,238.78,2630,1380,962.02,0.96202,76.52,25.12,0,179,1699,1711,1217,386,2212,0,55.87,5.89,5.84,8.22,0,0,0.3204,0.1051,0.0133,0.1044,0.0382,1.4371,0.405,3.6343,3.6349
"Bank BRIsyariah Tbk.",BRIS,Bank,31/03/2020," December",9.72,4610,474,1020,42230,37060,5170,5.17,101.93,75.16,1.09714,31,421,532,-1292,292,532,0.0023,15.29,1.13,0.89,-0.37,0.0354,0,0.0997,0.0735,0,0.0581,0.0071,7.174,0.0766,0.3209,0.3209
"Bank Sinarmas Tbk.",BSIM,Bank,31/03/2020," December",17.44,9070,353,1270,39380,33920,5540,5.54,-267.75,32.59,0,7,291,318,657,161,313,0,74.29,1.79,1.64,0.79,0,0,-0.2109,0.0256,0,0.0235,0.0033,6.1189,0.0829,0.9071,0.9071
"Bank Of India Indonesia Tbk.",BSWD,Bank,31/03/2020," December",1.39,2430,1306.7,71.95,4030,2900,1120,1.12,3.71,5.6,0,16,207,810,169,176,810,0,109.38,8.44,2.16,10.35,0,0,0.0516,0.0778,0,0.0199,0.0055,2.5814,0.0843,0.9329,0.9329
"Bank BTPN Tbk.",BTPN,Bank,31/03/2020," December",8.15,17600,418.1,5040,199670,167960,29980,29.98,1160,752.12,0,369,2474,3680,-3530,1233,3891,0,5.85,0.87,0.59,-0.61,0,0,0.2296,0.1492,0,0.1003,0.015,5.6017,0.083,1.6045,1.6045
"Bank BTPN Syariah Tbk.",BTPS,Bank,31/03/2020," December",7.7,24650,3200,1190,16000,10220,5780,5.78,537.33,402.3,45,209,618,750,441,173,750,0.0141,15.31,5.18,4.27,7.25,0.2153,0,0.4515,0.338,0,0.2783,0.1005,1.7684,0.1301,0.6227,0.6227
"Bank Victoria International Tb",BVIC,Bank,31/03/2020," December",8.95,617.68,65.2,543.12,26930,24290,2640,2.64,-93.78,6.95,0,3,243,295,-394,193,295,0,23,0.28,0.23,-0.18,0,0,-0.1726,0.0127,0,0.0105,0.001,9.1847,0.071,1.016,1.016
"Capital Financial Indonesia Tb",CASA,"Others - Finance",31/03/2020," December",54.48,20590,236.3,102.8,32290,24710,6430,6.43,-5.8,-0.697,0,0,8,118,-122,3,139,0,0,50.08,3.2,-3.1,0,0,-0.0564,-0.0067,-10.6748,-0.0004,0,3.8441,0.0074,0,1.1694
"Clipan Finance Indonesia Tbk.",CFIN,"Financial Institution",31/03/2020," December",3.98,769.01,15.1,461.62,11880,7090,4790,4.79,360.41,93.23,0,94,463,1201,233,11,1201,0,2.05,0.42,0.16,0.83,0,0,0.7807,0.2019,-0.0883,0.0779,0.0314,1.4813,0.0185,0,4.7656
"Danasupra Erapacific Tbk.",DEFI,"Financial Institution",31/03/2020," December",0.68727,1230,3602.8,1.56,100.86,0.72535,100.13,0.10013,0.66882,0.61482,0,4,9,146,-6,28,146,0,448.75,198.3,12.29,-299.52,0,0,0.4302,0.3954,0.4248,0.0245,0.0243,0.0072,114.466,0,607.497
"Bank Oke Indonesia Tbk.",DNAR,Bank,31/03/2020," December",8.88,2250,230.9,109.39,4840,2830,2010,2.01,3.44,3.37,0,2,49,226,-298,18,226,0,127,5.15,1.12,-0.85,0,0,0.0314,0.0307,0,0.0067,0.0027,1.4128,0.055,1.5764,1.5764
"First Indo American Leasing Tb",FINN,"Financial Institution",30/09/2019," December",1.86,93.01,47.6,84.32,826.67,607.74,218.93,0.21893,43.56,-39.4,0,-28,60,118,85,2,118,0,-1.79,0.83,0.42,0.59,0,0,0.5166,-0.4673,-1.1852,-0.2399,-0.0635,2.776,0.0077,0,1.3576
"Fuji Finance Indonesia Tbk.",FUJI,"Financial Institution",31/03/2020," December",1.11,117.13,96.4,2.23,138.19,1.27,136.93,0.13693,1.58,1.35,0,5,8,124,-7,52,124,0,21.2,13.13,0.85,-14.75,0,0,0.7062,0.6062,0.6497,0.0394,0.0391,0.0093,48.4432,0,116.184
"Equity Development Investment",GSMF,"Others - Finance",31/03/2020," December",7.45,842.38,9.1,272.26,4830,3310,1400,1.4,65.87,-14.71,0,-8,146,188,-4,31,203,0,-14.13,0.77,0.6,-28.35,0,0,0.2419,-0.054,-0.0318,-0.0419,-0.0121,2.3621,0.0709,0,1.059
"Radana Bhaskara Finance Tbk.",HDFA,"Financial Institution",31/03/2020," December",6.1,975.52,80,27.34,1130,555.31,577.69,0.57769,-9.88,-13.25,0,-9,18,95,53,72,95,0,-17.78,8.92,1.68,3.05,0,0,-0.3613,-0.4847,-0.991,-0.0917,-0.0467,0.9613,0.8851,0,1.8375
"Intan Baruprana Finance Tbk.",IBFN,"Financial Institution",31/03/2020," December",1.52,455.2,21.2,3.7,1510,1230,276.85,0.27685,-4.9,1.48,0,4,10,182,18,15,182,0,75,30.75,1.65,16.23,0,0,-1.3254,0.4005,-3.187,0.0214,0.0039,4.4454,0.1089,0,4.0947
"Indomobil Multi Jasa Tbk.",IMJS,"Financial Institution",31/03/2020," December",5.77,1420,49.2,1160,26360,23200,2860,2.86,109.61,24.04,1,17,802,496,-19,172,548,0.0041,14.47,0.31,0.5,-12.82,0.0588,0.3992,0.0947,0.0207,-0.1175,0.0335,0.0036,8.1041,0.0831,0.6872,0.6922
"Bank Artha Graha Internasional",INPC,Bank,31/03/2020," December",15.8,805.61,0.3,473.08,25110,21860,3250,3.25,-2.2,11.04,0,3,120,206,69,117,206,0,17,0.43,0.25,0.73,0,0,-0.0046,0.0233,0,0.0135,0.0017,6.7257,0.0843,0.9403,0.9403
"Asuransi Jiwa Syariah Jasa Mit",JMAS,Insurance,30/06/2019," December",1,220,157.1,17.86,226.49,111.06,115.43,0.11543,1.76,1.78,0,4,36,115,41,45,115,0,55,6.16,1.91,5.33,0,0,0.0985,0.0994,0.0994,0.0307,0.0156,0.9621,0.4809,0,2.3889
"Asuransi Jiwa Sinarmas MSIG Tb",LIFE,Insurance,31/03/2020," December",2.1,15750,124,169.84,14890,7440,7440,7.44,-782.36,80.97,74,154,324,3545,-730,454,3545,0.0099,48.7,23.18,2.12,-10.27,0.4805,0,-4.6064,0.4767,0.5794,0.0435,0.0217,0.9999,0.1326,0,1.9706
"Lippo General Insurance Tbk.",LPGI,Insurance,31/03/2020," December",0.15,562.5,168.5,331.09,2590,1790,798.79,0.79879,29.39,34.35,325,916,8829,5325,700,152,5325,0.0867,4.09,0.42,0.7,5.35,0.3548,0,0.0887,0.1037,0.1073,0.172,0.053,2.2433,0.0134,0,1.4052
"Lippo Securities Tbk.",LPPS,"Securities Company",31/03/2020," December",2.59,222.59,5.8,-10.13,1050,7.55,1040,1.04,-15.27,-9.81,0,-15,-16,401,-1,3,401,0,-5.73,-5.49,0.21,-155.46,0,0,1.5075,0.9683,0.988,-0.0378,-0.0375,0.0073,50.4451,0,535.636
"Bank Mayapada Internasional Tb",MAYA,Bank,31/03/2020," December",6.83,44410,2802.8,1220,89210,77360,11840,11.84,91.78,79.22,0,46,715,1733,-255,697,1733,0,141.3,9.09,3.75,-25.45,0,0,0.0751,0.0648,0,0.0267,0.0035,6.533,0.0617,0.8467,0.8467
"Bank China Construction Bank I",MCOR,Bank,31/03/2020," December",29.53,4520,137.2,350.46,20100,17310,2790,2.79,34.62,33.16,0,4,84,94,-31,84,168,0,38.25,1.82,1.63,-4.94,0,0,0.0987,0.0946,0,0.0475,0.0066,6.2114,0.0806,1.0785,1.0785
"Bank Mega Tbk.",MEGA,Bank,31/03/2020," December",6.96,43700,4574,2660,99260,83560,15700,15.7,761.13,669.39,143.794,384,1529,2254,-1530,1121,2254,0.0229,16.34,4.1,2.78,-4.1,0.3745,0,0.2859,0.2514,0,0.1705,0.0269,5.3224,0.0934,1.0006,1.0006
"Mandala Multifinance Tbk.",MFIN,"Financial Institution",31/03/2020," December",2.65,2700,1046.2,462.74,4920,2550,2370,2.37,279.52,107.12,50,162,698,894,-199,13,894,0.049,6.3,1.46,1.14,-5.14,0.3086,0,0.604,0.2314,0.1717,0.1809,0.0871,1.077,0.3185,0,44.1777
"Maskapai Reasuransi Indonesia",MREI,Insurance,31/03/2020," December",0.51779,2630,460.3,379.42,4080,2560,1520,1.52,84.52,32.07,50,248,2931,2943,563,100,2943,0.0099,20.46,1.73,1.72,9.01,0.2016,0,0.2227,0.0845,0.0802,0.0841,0.0314,1.6766,0.0208,0,1.2263
"Malacca Trust Wuwungan Insuran",MTWI,Insurance,31/03/2020," December",1.53,76.29,50,29.79,503.55,376.93,126.62,0.12662,-0.11405,-3.69,0,-10,78,83,47,20,83,0,-5,0.64,0.6,1.07,0,0,-0.0038,-0.1239,-0.1239,-0.1166,-0.0293,2.9769,0.0861,0,1.2928
"Bank OCBC NISP Tbk.",NISP,Bank,31/03/2020," December",22.95,16750,442.3,3970,191460,163510,27940,27.94,1120,790.96,0,138,693,1218,-1024,478,1218,0,5.29,1.05,0.6,-0.71,0,0,0.2808,0.1989,0,0.1132,0.0165,5.8513,0.0679,1.118,1.118
"Bank Nationalnobu Tbk.",NOBU,Bank,31/03/2020," December",4.44,3240,194.7,218.44,12810,11360,1450,1.45,15.49,16.14,0,15,197,326,-8,166,326,0,48.67,3.71,2.24,-93.84,0,0,0.0709,0.0738,0,0.0445,0.005,7.8426,0.0648,1.1048,1.1048
"Minna Padi Investama Sekuritas",PADI,"Securities Company",31/03/2020," December",11.31,565.36,98.9,-78.88,312.52,28.14,284.38,0.28438,-83.93,-82.19,0,-29,-28,25,-2,1,25,0,-1.72,-1.79,2,-30.09,0,0,1.0639,1.0419,1.0448,-1.156,-1.0519,0.099,0.562,0,14.3799
"Panin Sekuritas Tbk.",PANS,"Securities Company",31/03/2020," December",0.72,622.8,629.1,-188.46,1800,675.14,1110,1.11,-231.66,-218.02,100,-1211,-1047,1543,2667,59,1566,0.1156,-0.71,-0.83,0.56,0.32,-0.0826,0,1.2292,1.1568,1.3086,-0.7851,-0.4837,0.6079,0.0676,0,2.7469
"Bank Pan Indonesia Tbk",PNBN,Bank,31/03/2020," December",24.08,19620,1213.3,4580,205680,163220,39360,39.36,976.42,684.29,0,114,761,1635,-319,455,1764,0,7.15,1.07,0.5,-2.56,0,0,0.2131,0.1493,0,0.0695,0.0133,4.1468,0.0691,1.1307,1.1307
"Bank Panin Dubai Syariah Tbk.",PNBS,Bank,31/03/2020," December",23.96,1200,50,211.21,10800,9100,1700,1.7,5.71,5.34,0,1,35,71,-58,16,71,0,50,1.42,0.7,-0.86,0,0,0.027,0.0252,0,0.0125,0.0019,5.3581,0.0429,0.1891,0.1891
"Paninvest Tbk.",PNIN,"Others - Finance",31/03/2020," December",4.07,2970,776.3,59.87,30720,3960,15840,15.84,-605.75,40.8,0,40,59,3894,73,1247,6578,0,18.25,12.4,0.19,10.03,0,0,-10.1177,0.6815,0.6871,0.0103,0.0053,0.2501,1.4199,0,8.3757
"Panin Financial Tbk.",PNLF,"Others - Finance",31/03/2020," December",32.02,5760,194.6,587.95,28980,3950,22990,22.99,-46.91,408.52,0,51,73,718,9,147,782,0,3.53,2.45,0.25,19.29,0,0,-0.0797,0.6948,0.6954,0.071,0.0563,0.1717,1.3084,0,7.9383
"Pool Advista Finance Tbk.",POLA,"Financial Institution",31/03/2020," December",2.73,139.12,51,5.83,357.58,22.29,335.28,0.33528,0.93884,-4.3,0,-6,9,123,21,9,123,0,-8.5,5.97,0.41,2.43,0,0,0.161,-0.7375,-0.8564,-0.0512,-0.048,0.0665,22.0639,0,265.81
"Reliance Sekuritas Indonesia T",RELI,"Securities Company",31/03/2020," December",1.8,561.6,144,-1.19,563.9,114.03,449.87,0.44987,-8.86,-3.56,0,-8,-3,250,-112,64,250,0,-39,-118.16,1.25,-2.79,0,0,7.4553,2.9941,6.874,-0.0316,-0.0252,0.2535,1.0272,0,3.4273
"Bank Woori Saudara Indonesia 1",SDRA,Bank,31/03/2020," December",6.58,4970,805.8,695.43,38260,31320,6940,6.94,172.7,132.01,13,80,423,1055,-1768,328,1055,0.0172,9.44,1.79,0.72,-0.43,0.1625,0,0.2483,0.1898,0,0.076,0.0138,4.5132,0.0995,1.6413,1.6413
"Sinarmas Multiartha Tbk.",SMMA,"Others - Finance",31/03/2020," December",6.37,111430,1304.5,61.51,98600,78120,18350,18.35,-936.7,358.61,0,225,39,2881,1857,537,3215,0,77.78,452.92,6.07,9.43,0,-0.0097,-15.2287,5.8301,-137.092,0.0781,0.0145,4.2582,0.0865,0,2.2004
"Tifa Finance Tbk.",TIFA,"Financial Institution",31/03/2020," December",1.08,289.36,134,41.8,1190,813.03,377.38,0.37738,31.16,6.67,7,25,155,350,276,36,350,0.0261,10.72,1.73,0.77,0.97,0.28,0,0.7455,0.1595,-0.2424,0.0706,0.0224,2.1544,0.059,0,1.4802
"Trimegah Sekuritas Indonesia T",TRIM,"Securities Company",31/03/2020," December",7.11,831.79,117.9,95.43,3160,2310,855.69,0.85569,85.45,1.13,0,1,54,120,130,68,120,0,117,2.18,0.98,0.9,0,0,0.8954,0.0118,-0.1779,0.0052,0.0014,2.6938,0.2613,0,1.6419
"Trust Finance Indonesia Tbk",TRUS,"Financial Institution",31/03/2020," December",0.8,267.2,392.9,12.51,317.3,28.25,289.05,0.28905,7.92,4.62,0,23,63,361,-80,18,361,0,14.52,5.34,0.93,-4.16,0,0,0.6332,0.3694,0.5066,0.0639,0.0582,0.0977,0.7411,0,15.5964
"Asuransi Tugu Pratama Indonesi",TUGU,Insurance,31/03/2020," December",1.78,4820,2710,659.49,23040,14450,7930,7.93,156.22,153.99,77.4054,346,1484,4461,-47,183,4829,0.0286,7.83,1.83,0.61,-57.87,0.2237,0,0.2368,0.2335,0.3435,0.0776,0.0267,1.8224,0.0232,0,1.2546
"Victoria Investama Tbk.",VICO,"Others - Finance",31/03/2020," December",9.15,722.86,63.2,281.79,27700,24560,1920,1.92,58.07,-4.07,0,-2,123,210,-346,222,344,0,-39.5,0.64,0.38,-0.23,0,0.2061,0.206,-0.0144,-0.0111,-0.0084,-0.0005,12.7943,0.0892,0,1.1228
"Victoria Insurance Tbk.",VINS,Insurance,31/03/2020," December",1.46,179.18,117.1,8.5,254.97,77.95,177.03,0.17703,0.50415,1.34,9.5,4,23,122,-11,16,122,0.0772,30.75,5.27,1.01,-10.88,2.375,0,0.0592,0.1574,0.1575,0.0302,0.021,0.4403,0.306,0,3.3209
"Verena Multi Finance Tbk.",VRNA,"Financial Institution",31/03/2020," December",5.69,671.11,119,65.46,2930,2290,636.62,0.63662,39.22,17.07,0,12,46,112,-167,24,112,0,9.83,2.56,1.05,-0.71,0,0,0.5991,0.2607,-0.2044,0.1072,0.0233,3.5987,0.082,0,1.6913
"Wahana Ottomitra Multiartha Tb",WOMF,"Financial Institution",31/03/2020," December",3.48,710.22,31.4,512.98,8170,6980,1190,1.19,261.11,44.21,22.4,51,589,340,225,269,340,0.1098,4,0.35,0.6,0.9,0.4392,0,0.5089,0.0861,-0.1822,0.1492,0.0216,5.891,0.3822,0,3.2054
"Yulie Sekuritas Indonesia Tbk.",YULE,"Securities Company",31/03/2020," December",1.79,289.17,76.8,-63.75,313.74,3.65,310.09,0.31009,-66.53,-64.91,0,-145,-143,174,-6,26,174,0,-1.12,-1.13,0.93,-24.94,0,0,1.0435,1.0182,1.0435,-0.8373,-0.8276,0.0118,13.4719,0,85.1894
